{
	"blue-ninja-turtle.png": 0.25,
	"orange-ninja-turtle.png": 0.25,
	"purple-ninja turtle.png": 0.25,
	"red-ninja-turtle.png": 0.25,
	"afro.png": 3.5357142857142856,
	"ash.png": 3.5357142857142856,
	"batman.png": 3.5357142857142856,
	"builder.png": 3.5357142857142856,
	"conehead.png": 3.5357142857142856,
	"cook.png": 3.5357142857142856,
	"cowboy.png": 3.5357142857142856,
	"football-player.png": 3.5357142857142856,
	"ghost.png": 3.5357142857142856,
	"gladiator.png": 3.5357142857142856,
	"leia.png": 3.5357142857142856,
	"mcdonalds.png": 3.5357142857142856,
	"neo.png": 3.5357142857142856,
	"partyhat.png": 3.5357142857142856,
	"pirate.png": 3.5357142857142856,
	"policeman.png": 3.5357142857142856,
	"rick.png": 3.5357142857142856,
	"santa.png": 3.5357142857142856,
	"sherlock.png": 3.5357142857142856,
	"snowman.png": 3.5357142857142856,
	"soldier.png": 3.5357142857142856,
	"sonic.png": 3.5357142857142856,
	"student.png": 3.5357142857142856,
	"superman.png": 3.5357142857142856,
	"supersaiyan.png": 3.5357142857142856,
	"trump.png": 3.5357142857142856,
	"tupac.png": 3.5357142857142856,
	"yugioh.png": 3.5357142857142856
}
